<?xml version='1.0' encoding='utf-8'?>
<params>
    <inparams type="map">
        <inparam>
            <name>abzz00101000</name>
            <dName></dName>
            <type>index</type>
            <defaultValue>-999</defaultValue>
            <datatype>double</datatype>
            <description>身份证关联到的所有时间内非银行类金融行业下贷款事件中的不同平台个数</description>
        </inparam>
        <inparam>
            <name>bazz00235081</name>
            <dName></dName>
            <type>index</type>
            <defaultValue>-999</defaultValue>
            <datatype>double</datatype>
            <description>手机号关联到的180到365天内大型消费金融行业下注册事件中的记录条数</description>
        </inparam>
        <inparam>
            <name>third_part_degree</name>
            <dName></dName>
            <type>field</type>
            <defaultValue>-999</defaultValue>
            <datatype>string</datatype>
            <description>学历</description>
        </inparam>
        <inparam>
            <name>psg_fly_total_mileage</name>
            <dName></dName>
            <type>field</type>
            <defaultValue>-999</defaultValue>
            <datatype>int</datatype>
            <description>总飞行里程</description>
        </inparam>
        <inparam>
            <name>assbalv19</name>
            <dName></dName>
            <type>field</type>
            <defaultValue>-999</defaultValue>
            <datatype>double</datatype>
            <description>最近12月余额大于10000的总天数</description>
        </inparam>
        <inparam>
            <name>assbalv4</name>
            <dName></dName>
            <type>field</type>
            <defaultValue>-999</defaultValue>
            <datatype>double</datatype>
            <description>最近12月月均日余额均值</description>
        </inparam>
        <inparam>
            <name>mobile_online_time_info</name>
            <dName></dName>
            <type>field</type>
            <defaultValue>-999</defaultValue>
            <datatype>string</datatype>
            <description>手机号码在网时长</description>
        </inparam>
        <inparam>
            <name>economic_stability_level_12</name>
            <dName></dName>
            <type>field</type>
            <defaultValue>-999</defaultValue>
            <datatype>string</datatype>
            <description>近期经济稳定性</description>
        </inparam>
        <inparam>
            <name>y_latest_in_amt_min</name>
            <dName></dName>
            <type>field</type>
            <defaultValue>-999</defaultValue>
            <datatype>string</datatype>
            <description>年收入能力</description>
        </inparam>
    </inparams>
    <outparams type="map">
        <outparam>
            <name>ext_abzz00101000_score</name>
            <dName></dName>
            <datatype>double</datatype>
            <description>身份证关联到的所有时间内非银行类金融行业下贷款事件中的不同平台个数</description>
        </outparam>
        <outparam>
            <name>ext_bazz00235081_score</name>
            <dName></dName>
            <datatype>double</datatype>
            <description>手机号关联到的180到365天内大型消费金融行业下注册事件中的记录条数</description>
        </outparam>
        <outparam>
            <name>ext_diploma_score</name>
            <dName></dName>
            <datatype>double</datatype>
            <description>学历</description>
        </outparam>
        <outparam>
            <name>ext_fly_total_mileage_score</name>
            <dName></dName>
            <datatype>double</datatype>
            <description>总飞行里程</description>
        </outparam>
        <outparam>
            <name>ext_assbalv19_score</name>
            <dName></dName>
            <datatype>double</datatype>
            <description>最近12月余额大于10000的总天数</description>
        </outparam>
        <outparam>
            <name>ext_assbalv4_score</name>
            <dName></dName>
            <datatype>double</datatype>
            <description>最近12月月均日余额均值</description>
        </outparam>
        <outparam>
            <name>ext_mobile_online_time_score</name>
            <dName></dName>
            <datatype>double</datatype>
            <description>手机号码在网时长</description>
        </outparam>
        <outparam>
            <name>economic_stability_level_12</name>
            <dName></dName>
            <datatype>string</datatype>
            <description>近期经济稳定性</description>
        </outparam>
        <outparam>
            <name>y_latest_in_amt_min</name>
            <dName></dName>
            <datatype>string</datatype>
            <description>年收入能力</description>
        </outparam>
        <outparam>
            <name>credit_score</name>
            <dName></dName>
            <datatype>int</datatype>
            <description>大数据分</description>
        </outparam>
        <outparam>
            <name>credit_decision</name>
            <dName></dName>
            <datatype>string</datatype>
            <description>信用分决策建议，值为PASS或 REVIEW 或 REJECT</description>
        </outparam>
        <outparam>
            <name>credit_limit</name>
            <dName></dName>
            <datatype>double</datatype>
            <description>授信额度建议</description>
        </outparam>
        <outparam>
            <name>interest_rate_grade</name>
            <dName></dName>
            <datatype>string</datatype>
            <description>利率等级建议，值为A, B, C, D</description>
        </outparam>
    </outparams>
</params>